Ngày,Tiêu đề,Nguồn,Khuyến nghị,Giá mục tiêu,Tải về
04/03/2025,Không phải lúc để chần chừ,BSC,MUA,"37,500",https://cdn.simplize.vn/simplizevn/report/HPG/Khong_phai_luc_e_chan_chu.pdf
21/02/2025,Bùng nổ,VCBS,MUA,"38,000",https://cdn.simplize.vn/simplizevn/report/HPG/Bung_no.pdf
20/02/2025,"Công suất mới, tăng trưởng mới",SSI,MUA,"33,500",https://cdn.simplize.vn/simplizevn/report/HPG/Cong_suat_moi_tang_truong_moi.pdf
20/02/2025,Tăng trưởng từ nội lực,SSV,MUA,"34,300",https://cdn.simplize.vn/simplizevn/report/HPG/Tang_truong_tu_noi_luc.pdf
17/02/2025,"Nhà máy Dung Quất 2, chi tiêu cơ sở hạ tầng sẽ thúc đẩy tăng trưởng trên 20%",Vietcap,MUA,"34,800",https://cdn.simplize.vn/simplizevn/report/HPG/Nha_may_Dung_Quat_2_chi_tieu_co_so_ha_tang_se_thuc_ay_tang_truong_tren_20.pdf
10/02/2025,Tiêu thụ thép thúc đẩy bởi nhu cầu trong nước,PHS,MUA,"32,400",https://cdn.simplize.vn/simplizevn/report/HPG/Tieu_thu_thep_thuc_ay_boi_nhu_cau_trong_nuoc.pdf
06/12/2024,Dẫn đầu thị trường nội địa,KBSV,MUA,"34,700",https://cdn.simplize.vn/simplizevn/report/HPG/Dan_au_thi_truong_noi_ia.pdf
02/12/2024,Nhu cầu trong nước và gia tăng công suất sẽ thúc đẩy tăng trưởng năm 2025,Vietcap,MUA,"35,700",https://cdn.simplize.vn/simplizevn/report/HPG/Nhu_cau_trong_nuoc_va_gia_tang_cong_suat_se_thuc_ay_tang_truong_nam_2025.pdf
26/11/2024,Biện pháp phòng hộ thương mại trên toàn cầu,DSC,MUA,"32,000",https://cdn.simplize.vn/simplizevn/report/HPG/Bien_phap_phong_ho_thuong_mai_tren_toan_cau.pdf
22/11/2024,Báo cáo cập nhật,VPBS,MUA,"32,650",https://cdn.simplize.vn/simplizevn/report/HPG/Bao_cao_cap_nhat.pdf
04/03/2025,Không phải lúc để chần chừ,BSC,MUA,"37,500",https://cdn.simplize.vn/simplizevn/report/HPG/Khong_phai_luc_e_chan_chu.pdf
21/02/2025,Bùng nổ,VCBS,MUA,"38,000",https://cdn.simplize.vn/simplizevn/report/HPG/Bung_no.pdf
20/02/2025,"Công suất mới, tăng trưởng mới",SSI,MUA,"33,500",https://cdn.simplize.vn/simplizevn/report/HPG/Cong_suat_moi_tang_truong_moi.pdf
20/02/2025,Tăng trưởng từ nội lực,SSV,MUA,"34,300",https://cdn.simplize.vn/simplizevn/report/HPG/Tang_truong_tu_noi_luc.pdf
17/02/2025,"Nhà máy Dung Quất 2, chi tiêu cơ sở hạ tầng sẽ thúc đẩy tăng trưởng trên 20%",Vietcap,MUA,"34,800",https://cdn.simplize.vn/simplizevn/report/HPG/Nha_may_Dung_Quat_2_chi_tieu_co_so_ha_tang_se_thuc_ay_tang_truong_tren_20.pdf
10/02/2025,Tiêu thụ thép thúc đẩy bởi nhu cầu trong nước,PHS,MUA,"32,400",https://cdn.simplize.vn/simplizevn/report/HPG/Tieu_thu_thep_thuc_ay_boi_nhu_cau_trong_nuoc.pdf
06/12/2024,Dẫn đầu thị trường nội địa,KBSV,MUA,"34,700",https://cdn.simplize.vn/simplizevn/report/HPG/Dan_au_thi_truong_noi_ia.pdf
02/12/2024,Nhu cầu trong nước và gia tăng công suất sẽ thúc đẩy tăng trưởng năm 2025,Vietcap,MUA,"35,700",https://cdn.simplize.vn/simplizevn/report/HPG/Nhu_cau_trong_nuoc_va_gia_tang_cong_suat_se_thuc_ay_tang_truong_nam_2025.pdf
26/11/2024,Biện pháp phòng hộ thương mại trên toàn cầu,DSC,MUA,"32,000",https://cdn.simplize.vn/simplizevn/report/HPG/Bien_phap_phong_ho_thuong_mai_tren_toan_cau.pdf
22/11/2024,Báo cáo cập nhật,VPBS,MUA,"32,650",https://cdn.simplize.vn/simplizevn/report/HPG/Bao_cao_cap_nhat.pdf
04/03/2025,Không phải lúc để chần chừ,BSC,MUA,"37,500",https://cdn.simplize.vn/simplizevn/report/HPG/Khong_phai_luc_e_chan_chu.pdf
21/02/2025,Bùng nổ,VCBS,MUA,"38,000",https://cdn.simplize.vn/simplizevn/report/HPG/Bung_no.pdf
20/02/2025,"Công suất mới, tăng trưởng mới",SSI,MUA,"33,500",https://cdn.simplize.vn/simplizevn/report/HPG/Cong_suat_moi_tang_truong_moi.pdf
20/02/2025,Tăng trưởng từ nội lực,SSV,MUA,"34,300",https://cdn.simplize.vn/simplizevn/report/HPG/Tang_truong_tu_noi_luc.pdf
17/02/2025,"Nhà máy Dung Quất 2, chi tiêu cơ sở hạ tầng sẽ thúc đẩy tăng trưởng trên 20%",Vietcap,MUA,"34,800",https://cdn.simplize.vn/simplizevn/report/HPG/Nha_may_Dung_Quat_2_chi_tieu_co_so_ha_tang_se_thuc_ay_tang_truong_tren_20.pdf
10/02/2025,Tiêu thụ thép thúc đẩy bởi nhu cầu trong nước,PHS,MUA,"32,400",https://cdn.simplize.vn/simplizevn/report/HPG/Tieu_thu_thep_thuc_ay_boi_nhu_cau_trong_nuoc.pdf
06/12/2024,Dẫn đầu thị trường nội địa,KBSV,MUA,"34,700",https://cdn.simplize.vn/simplizevn/report/HPG/Dan_au_thi_truong_noi_ia.pdf
02/12/2024,Nhu cầu trong nước và gia tăng công suất sẽ thúc đẩy tăng trưởng năm 2025,Vietcap,MUA,"35,700",https://cdn.simplize.vn/simplizevn/report/HPG/Nhu_cau_trong_nuoc_va_gia_tang_cong_suat_se_thuc_ay_tang_truong_nam_2025.pdf
26/11/2024,Biện pháp phòng hộ thương mại trên toàn cầu,DSC,MUA,"32,000",https://cdn.simplize.vn/simplizevn/report/HPG/Bien_phap_phong_ho_thuong_mai_tren_toan_cau.pdf
22/11/2024,Báo cáo cập nhật,VPBS,MUA,"32,650",https://cdn.simplize.vn/simplizevn/report/HPG/Bao_cao_cap_nhat.pdf
